{"accuracy": 0.8285714285714286, "specificity": 0.0, "sensitivity": 0.9775280898876404}