{"accuracy": 0.846324, "specificity": 0.375, "sensitivity": 0.9550561797752809}
