{
  "accuracy": 0.8176190476190476,
  "specificity": 0.5625,
  "sensitivity": 0.898876404494382
}
